说明,,,,,,,,,,,
本 sample.xlsx 用于 WebMD 表格预览滚动测试。,,,,,,,,,,,
Demo 工作表含约 80 行 × 18 列真实数据。,,,,,,,,,,,
处理链：xlsx → _Res_sample.xlsx/*.csv → HTML Excel 风格网格。,,,,,,,,,,,
附注行1,补充说明文本 1,字段A1,字段B1,字段C1,N1C6,N1C7,N1C8,N1C9,N1C10,N1C11,N1C12
附注行2,补充说明文本 2,字段A2,字段B2,字段C2,N2C6,N2C7,N2C8,N2C9,N2C10,N2C11,N2C12
附注行3,补充说明文本 3,字段A3,字段B3,字段C3,N3C6,N3C7,N3C8,N3C9,N3C10,N3C11,N3C12
附注行4,补充说明文本 4,字段A4,字段B4,字段C4,N4C6,N4C7,N4C8,N4C9,N4C10,N4C11,N4C12
附注行5,补充说明文本 5,字段A5,字段B5,字段C5,N5C6,N5C7,N5C8,N5C9,N5C10,N5C11,N5C12
附注行6,补充说明文本 6,字段A6,字段B6,字段C6,N6C6,N6C7,N6C8,N6C9,N6C10,N6C11,N6C12
附注行7,补充说明文本 7,字段A7,字段B7,字段C7,N7C6,N7C7,N7C8,N7C9,N7C10,N7C11,N7C12
附注行8,补充说明文本 8,字段A8,字段B8,字段C8,N8C6,N8C7,N8C8,N8C9,N8C10,N8C11,N8C12
附注行9,补充说明文本 9,字段A9,字段B9,字段C9,N9C6,N9C7,N9C8,N9C9,N9C10,N9C11,N9C12
附注行10,补充说明文本 10,字段A10,字段B10,字段C10,N10C6,N10C7,N10C8,N10C9,N10C10,N10C11,N10C12
附注行11,补充说明文本 11,字段A11,字段B11,字段C11,N11C6,N11C7,N11C8,N11C9,N11C10,N11C11,N11C12
附注行12,补充说明文本 12,字段A12,字段B12,字段C12,N12C6,N12C7,N12C8,N12C9,N12C10,N12C11,N12C12
附注行13,补充说明文本 13,字段A13,字段B13,字段C13,N13C6,N13C7,N13C8,N13C9,N13C10,N13C11,N13C12
附注行14,补充说明文本 14,字段A14,字段B14,字段C14,N14C6,N14C7,N14C8,N14C9,N14C10,N14C11,N14C12
附注行15,补充说明文本 15,字段A15,字段B15,字段C15,N15C6,N15C7,N15C8,N15C9,N15C10,N15C11,N15C12
附注行16,补充说明文本 16,字段A16,字段B16,字段C16,N16C6,N16C7,N16C8,N16C9,N16C10,N16C11,N16C12
附注行17,补充说明文本 17,字段A17,字段B17,字段C17,N17C6,N17C7,N17C8,N17C9,N17C10,N17C11,N17C12
附注行18,补充说明文本 18,字段A18,字段B18,字段C18,N18C6,N18C7,N18C8,N18C9,N18C10,N18C11,N18C12
附注行19,补充说明文本 19,字段A19,字段B19,字段C19,N19C6,N19C7,N19C8,N19C9,N19C10,N19C11,N19C12
附注行20,补充说明文本 20,字段A20,字段B20,字段C20,N20C6,N20C7,N20C8,N20C9,N20C10,N20C11,N20C12
附注行21,补充说明文本 21,字段A21,字段B21,字段C21,N21C6,N21C7,N21C8,N21C9,N21C10,N21C11,N21C12
附注行22,补充说明文本 22,字段A22,字段B22,字段C22,N22C6,N22C7,N22C8,N22C9,N22C10,N22C11,N22C12
附注行23,补充说明文本 23,字段A23,字段B23,字段C23,N23C6,N23C7,N23C8,N23C9,N23C10,N23C11,N23C12
附注行24,补充说明文本 24,字段A24,字段B24,字段C24,N24C6,N24C7,N24C8,N24C9,N24C10,N24C11,N24C12
附注行25,补充说明文本 25,字段A25,字段B25,字段C25,N25C6,N25C7,N25C8,N25C9,N25C10,N25C11,N25C12
附注行26,补充说明文本 26,字段A26,字段B26,字段C26,N26C6,N26C7,N26C8,N26C9,N26C10,N26C11,N26C12
附注行27,补充说明文本 27,字段A27,字段B27,字段C27,N27C6,N27C7,N27C8,N27C9,N27C10,N27C11,N27C12
附注行28,补充说明文本 28,字段A28,字段B28,字段C28,N28C6,N28C7,N28C8,N28C9,N28C10,N28C11,N28C12
附注行29,补充说明文本 29,字段A29,字段B29,字段C29,N29C6,N29C7,N29C8,N29C9,N29C10,N29C11,N29C12
附注行30,补充说明文本 30,字段A30,字段B30,字段C30,N30C6,N30C7,N30C8,N30C9,N30C10,N30C11,N30C12
附注行31,补充说明文本 31,字段A31,字段B31,字段C31,N31C6,N31C7,N31C8,N31C9,N31C10,N31C11,N31C12
附注行32,补充说明文本 32,字段A32,字段B32,字段C32,N32C6,N32C7,N32C8,N32C9,N32C10,N32C11,N32C12
附注行33,补充说明文本 33,字段A33,字段B33,字段C33,N33C6,N33C7,N33C8,N33C9,N33C10,N33C11,N33C12
附注行34,补充说明文本 34,字段A34,字段B34,字段C34,N34C6,N34C7,N34C8,N34C9,N34C10,N34C11,N34C12
附注行35,补充说明文本 35,字段A35,字段B35,字段C35,N35C6,N35C7,N35C8,N35C9,N35C10,N35C11,N35C12
附注行36,补充说明文本 36,字段A36,字段B36,字段C36,N36C6,N36C7,N36C8,N36C9,N36C10,N36C11,N36C12
附注行37,补充说明文本 37,字段A37,字段B37,字段C37,N37C6,N37C7,N37C8,N37C9,N37C10,N37C11,N37C12
附注行38,补充说明文本 38,字段A38,字段B38,字段C38,N38C6,N38C7,N38C8,N38C9,N38C10,N38C11,N38C12
附注行39,补充说明文本 39,字段A39,字段B39,字段C39,N39C6,N39C7,N39C8,N39C9,N39C10,N39C11,N39C12
附注行40,补充说明文本 40,字段A40,字段B40,字段C40,N40C6,N40C7,N40C8,N40C9,N40C10,N40C11,N40C12
附注行41,补充说明文本 41,字段A41,字段B41,字段C41,N41C6,N41C7,N41C8,N41C9,N41C10,N41C11,N41C12
附注行42,补充说明文本 42,字段A42,字段B42,字段C42,N42C6,N42C7,N42C8,N42C9,N42C10,N42C11,N42C12
附注行43,补充说明文本 43,字段A43,字段B43,字段C43,N43C6,N43C7,N43C8,N43C9,N43C10,N43C11,N43C12
附注行44,补充说明文本 44,字段A44,字段B44,字段C44,N44C6,N44C7,N44C8,N44C9,N44C10,N44C11,N44C12
附注行45,补充说明文本 45,字段A45,字段B45,字段C45,N45C6,N45C7,N45C8,N45C9,N45C10,N45C11,N45C12
附注行46,补充说明文本 46,字段A46,字段B46,字段C46,N46C6,N46C7,N46C8,N46C9,N46C10,N46C11,N46C12
附注行47,补充说明文本 47,字段A47,字段B47,字段C47,N47C6,N47C7,N47C8,N47C9,N47C10,N47C11,N47C12
附注行48,补充说明文本 48,字段A48,字段B48,字段C48,N48C6,N48C7,N48C8,N48C9,N48C10,N48C11,N48C12
附注行49,补充说明文本 49,字段A49,字段B49,字段C49,N49C6,N49C7,N49C8,N49C9,N49C10,N49C11,N49C12
附注行50,补充说明文本 50,字段A50,字段B50,字段C50,N50C6,N50C7,N50C8,N50C9,N50C10,N50C11,N50C12